Codigo;Precio;Descripcion
1234;55.000000;I-PAD
2234;1500.199951;MICROCOMPONENTE SANYO
8834;700.239990;TABLET MAC DE 7"
2058;84.230003;MP5 SONY
9001;450.200012;PEN DRIVE 16GB KINGSTON
4052;1000.000000;CARTUCHO TINTA NEGRA HP
7733;15000.000000;PLAY STATION V 
2089;700.099976;PEN DRIVE 32 GB
7159;2000.000000;DISCO RIGIDO EXTERNO 1TB TOSHIBA
9461;50.000000;LECTOR USB DE MICROSD 